Billboard,0.69818399251334,-0.50463327953111,
Billboard,0.69676482317686,-0.50105079932450,
Billboard,0.67856374867183,-0.48595627802558,
Billboard,0.67386696270732,-0.48771055023329,
Billboard,0.67555419776129,-0.48012307436727,
Billboard,0.66418461556404,-0.39311553188949,
Billboard,0.66123146659447,-0.38803654244182,
Billboard,0.62121591464913,-0.42554232445246,
Billboard,0.62835772838721,-0.42895157351902,
Billboard,0.62763404421621,-0.42220273983347,
Billboard,0.61140251402806,-0.45455428457080,
Billboard,0.62264251596601,-0.45663647037452,
Billboard,0.62637751225249,-0.44287601950663,
Billboard,0.72498808453778,-0.54025790644945,
Billboard,0.69571328207066,-0.57813690269950,
Billboard,0.78348455094557,-0.65106638707607,
Billboard,0.83720765418791,-0.63455031630480,
Billboard,0.86586247906030,-0.67381669490709,
Billboard,0.86398610977575,-0.68615198135549,
Billboard,0.86617031386179,-0.69760866574850,
Billboard,0.88130346885322,-0.68222398083034,
Billboard,0.87435017577583,-0.68355689307683,
Billboard,0.86990249711883,-0.68431757358221,
Billboard,0.87666141210957,-0.68997968277432,
Billboard,0.88110836973371,-0.69461881296090,
Billboard,0.87912225616401,-0.70367595374248,
Billboard,0.88592896318433,-0.71024801085292,
Billboard,0.76215403601670,-0.78206777572498,
Billboard,0.75756249799727,-0.78299045562699,
Billboard,0.75255793057352,-0.78399896621687,
Billboard,0.74774109605477,-0.78605353832185,
Billboard,0.76310922170795,-0.75302550128049,
Billboard,0.74753067256808,-0.72666569931695,
Billboard,0.68677141722746,-0.73263068262793,
Billboard,0.66853421640619,-0.64258147782058,
Billboard,0.62921897952083,-0.62448342624282,
Billboard,0.62030965528578,-0.60794202104242,
Billboard,0.62483722165980,-0.58441245356173,
Billboard,0.62499040596299,-0.56490742960594,
Billboard,0.60349025962418,-0.62185908111923,
Billboard,0.60430587071198,-0.61224956342548,
Billboard,0.59067202116914,-0.62629782953863,
Billboard,0.58346833607008,-0.62570325899080,
Billboard,0.58067592110008,-0.60275574419654,
Billboard,0.56940583316609,-0.62606504970731,
Billboard,0.56763715714412,-0.61963126748691,
Billboard,0.60359447969259,-0.55502005439391,
Billboard,0.60974606908721,-0.56753142632562,
Billboard,0.60507243054984,-0.56516333970762,
Billboard,0.60234812132242,-0.56373319706265,
Billboard,0.59927818464107,-0.57156889743075,
Billboard,0.59242769467519,-0.56868991932231,
Billboard,0.59246330802617,-0.55978841413943,
Billboard,0.58568658259315,-0.56171916203414,
Billboard,0.57447906137483,-0.56797905129011,
Billboard,0.57878840647308,-0.57853921212302,
Billboard,0.57309488963706,-0.57967757523616,
Billboard,0.57534396091252,-0.58639272011860,
Billboard,0.56874041689652,-0.59486927377495,
Billboard,0.57290288668067,-0.59507456147210,
Billboard,0.57259386683289,-0.59894678609692,
Billboard,0.57358283260409,-0.65216382327600,
Billboard,0.60526842262186,-0.65645694681783,
Billboard,0.59879806168193,-0.63767690488655,
Billboard,0.59680858588713,-0.67383660182304,
Billboard,0.60697570687277,-0.69484286826699,
Billboard,0.62398063108711,-0.69339623510638,
Billboard,0.63986511622488,-0.68996898698606,
Billboard,0.64423455687110,-0.72983936782390,
Billboard,0.62050699172670,-0.74281664115281,
Billboard,0.61988942244545,-0.75918812322709,
Billboard,0.62513835173729,-0.75749152362530,
Billboard,0.63312623471897,-0.75222972692745,
Billboard,0.55354217393975,-0.74438305121745,
Billboard,0.53687281924859,-0.76250333356936,
Billboard,0.54847589583707,-0.76589946850856,
Billboard,0.55739248941921,-0.77190650971102,
Billboard,0.55013267874963,-0.77875213141874,
Billboard,0.53973690682638,-0.78783339375389,
Billboard,0.53202359632294,-0.79008611281211,
Billboard,0.55537566078623,-0.79016010767330,
Billboard,0.57273431532383,-0.77886735905665,
Billboard,0.56128518884206,-0.80050203260853,
Billboard,0.55559523073005,-0.79298896035655,
Billboard,0.55163559136284,-0.81734484492250,
Billboard,0.54632455024603,-0.80124804759132,
Billboard,0.54090423024405,-0.80189500127761,
Billboard,0.51772905603831,-0.79536080360322,
Billboard,0.51396699582232,-0.80037044829047,
Billboard,0.61298856522760,-0.81653131780877,
Billboard,0.62651683143358,-0.85175345719057,
Billboard,0.63636277667497,-0.85763286087933,
Billboard,0.64157919489227,-0.86128381978045,
Billboard,0.65193754006368,-0.86768893338103,
Billboard,0.66886701640060,-0.89542154980597,
Billboard,0.63708157041087,-0.90698550369746,
Billboard,0.62569202521399,-0.90777312828203,
Billboard,0.62859431543711,-0.91690841519537,
Billboard,0.56688099540207,-0.93261480178634,
Billboard,0.54593424632080,-0.93933168408802,
Billboard,0.57015060419695,-0.97014678334645,
Billboard,0.56968044534732,-0.95667768370083,
Billboard,0.56101223260279,-0.95502846646420,
Billboard,0.53292579218534,-0.94499146057345,
Billboard,0.52012115159332,-0.95169130322819,
Billboard,0.53309870793643,-0.96705625679550,
Billboard,0.54956042719792,-0.96895336799321,
Billboard,0.54849200914296,-0.96635572780951,
Billboard,0.53668640085786,-0.99157985384105,
Billboard,0.55351350313511,-0.99707112511848,
Billboard,0.55260664327393,-0.99216236563089,
Billboard,0.55266154828404,-0.98411889322796,
Billboard,0.56644176400646,-1.00247025337030,
Billboard,0.56912257952980,-0.99133056537170,
Billboard,0.58606255233998,-1.01036225715790,
Billboard,0.60277654688721,-1.00861472179070,
Billboard,0.63122335231141,-1.00780753232080,
Billboard,0.63488859882969,-0.99770539288619,
Billboard,0.65014215783614,-0.98695951107166,
Billboard,0.63600370284961,-0.96815185993239,
Billboard,0.64182847078206,-0.95955743284725,
Billboard,0.68095960312554,-1.01481914520030,
Billboard,0.68511515447304,-1.01501226424950,
Billboard,0.68909400466964,-1.01295232772540,
Billboard,0.72724156759560,-0.87159486521648,
Billboard,0.74543995609555,-0.90324461460332,
Billboard,0.75399547036274,-0.91846883297180,
Billboard,0.74183000683315,-0.92087209224772,
Billboard,0.74439398298770,-0.91732084751285,
Billboard,0.74072502920480,-0.90951561927994,
Billboard,0.72721853293154,-0.91153264045812,
Billboard,0.72309898985213,-0.91592609882514,
Billboard,0.72471891479113,-0.92324316501688,
Billboard,0.73165454712300,-0.93811869621410,
Billboard,0.72277178639956,-0.95381498336835,
Billboard,0.72149515631190,-0.95150828361622,
Billboard,0.71455414445906,-0.94176650047453,
Billboard,0.71442004443564,-0.92811405658770,
Billboard,0.71319705204138,-0.92594146728626,
Billboard,0.74719558809127,-0.77161634240102,
Billboard,0.75785742090622,-0.76777661396719,
Billboard,0.75616377106287,-0.77111140789773,
Billboard,0.75020502748494,-0.77287995530369,
Billboard,0.74813418703400,-0.76094557789753,
Billboard,0.73679323763980,-0.75441326374090,
Billboard,0.72364618611989,-0.74432000734618,
Billboard,0.72498395122486,-0.73640859133425,
Billboard,0.71822667887719,-0.73423522853025,
Billboard,0.73402216866069,-0.73549357130941,
Billboard,0.73104745525215,-0.73491948428580,
Billboard,0.72992734501909,-0.73023166213983,
Billboard,0.72982568715913,-0.72600960731603,
Billboard,0.87783379474902,-0.68320446170659,
Billboard,0.55369453501034,-0.96024351719160,
Billboard,0.52100679926154,-0.78015106230973,
Billboard,0.55134421077560,-0.77250944106189,
Security Gate,0.71311831679876,-0.51132163221564,
Security Gate,0.70506054438420,-0.54309028329138,
Security Gate,0.70521550167646,-0.50388311879220,
Security Gate,0.70258122698058,-0.49938901693318,
Security Gate,0.67391402515493,-0.48342720687970,
Security Gate,0.67499873320475,-0.47242440577503,
Security Gate,0.67794293954955,-0.45243340095232,
Security Gate,0.67391402515493,-0.45491290542611,
Security Gate,0.67654831571433,-0.44313525917445,
Security Gate,0.67143469156132,-0.44236041402604,
Security Gate,0.66973014898731,-0.42918804650620,
Security Gate,0.66683419961728,-0.38857598733460,
Security Gate,0.66187552403115,-0.38733623509773,
Security Gate,0.62415407537125,-0.40106656999154,
Security Gate,0.61899684625206,-0.40240370807723,
Security Gate,0.60744081470214,-0.45627127095062,
Security Gate,0.59865439399010,-0.45674882026699,
Security Gate,0.60413486368084,-0.55284701004470,
Security Gate,0.59522924612857,-0.55260300715736,
Security Gate,0.59254535855679,-0.55101698839258,
Security Gate,0.61560234968628,-0.57761330306371,
Security Gate,0.60425685834117,-0.58895943730448,
Security Gate,0.59217937378735,-0.58395737812279,
Security Gate,0.59083742942448,-0.57883331749846,
Security Gate,0.60279292223908,-0.55687305767796,
Security Gate,0.60108499628879,-0.56114310819862,
Security Gate,0.56143656833892,-0.57407526120852,
Security Gate,0.56558012022501,-0.57286873595103,
Security Gate,0.58120052324810,-0.57089463011590,
Security Gate,0.57939817123611,-0.57407036558917,
Security Gate,0.57526469703035,-0.57240476364856,
Security Gate,0.57894643538214,-0.60737523784820,
Security Gate,0.56937881774788,-0.61457818807349,
Security Gate,0.57131384282862,-0.62457631301291,
Security Gate,0.57862393167598,-0.63208698715172,
Security Gate,0.58926654415977,-0.62843175867863,
Security Gate,0.59937163214754,-0.62617411756787,
Security Gate,0.59474909419141,-0.62337894285372,
Security Gate,0.61571173484376,-0.62187384877757,
Security Gate,0.61033670652486,-0.62724918476587,
Security Gate,0.57926518946904,-0.65208617999011,
Security Gate,0.60861669632529,-0.66175884181436,
Security Gate,0.60485417210494,-0.65874865366027,
Security Gate,0.61076670898861,-0.64359020617161,
Security Gate,0.60205915242328,-0.63778484330430,
Security Gate,0.60203867307476,-0.67999937048373,
Security Gate,0.59967308761901,-0.67246412839199,
Security Gate,0.60983633637389,-0.69857461842679,
Security Gate,0.60966110810855,-0.69620890288542,
Security Gate,0.60466710016526,-0.69918795208437,
Security Gate,0.59713227248099,-0.69813652295619,
Security Gate,0.56579060754849,-0.75882626350469,
Security Gate,0.57537036650315,-0.77286626161683,
Security Gate,0.56810296461673,-0.79582578794381,
Security Gate,0.56793779628505,-0.79054014159499,
Security Gate,0.56413892336498,-0.80705778643357,
Security Gate,0.55323779605357,-0.80094625784398,
Security Gate,0.54299732487385,-0.79615614083983,
Security Gate,0.54547485982603,-0.78641073038568,
Security Gate,0.55087954497539,-0.78397284572472,
Security Gate,0.56204816692311,-0.76368393335676,
Security Gate,0.56225309556748,-0.77136912743555,
Security Gate,0.55631016195748,-0.76614319546235,
Security Gate,0.55661755522318,-0.77608271313676,
Security Gate,0.55417608474238,-0.86031032619084,
Security Gate,0.54387352320865,-0.85749157145290,
Security Gate,0.53706993517568,-0.85486721359453,
Security Gate,0.68770948214818,-0.88720515965986,
Security Gate,0.67649728618331,-0.88979277286893,
Security Gate,0.64411416113202,-0.95309579260578,
Security Gate,0.64487840299267,-0.96086607643542,
Security Gate,0.63799850907857,-0.95783829688995,
Security Gate,0.63653411354039,-0.96067607402671,
Security Gate,0.63406192557834,-0.96131457478992,
Security Gate,0.57809685143098,-0.96021748104886,
Security Gate,0.57753347320200,-0.95448951111783,
Security Gate,0.57499827048350,-0.92782158554704,
Security Gate,0.57856633324589,-0.92077899956607,
Security Gate,0.55621895635514,-0.92218751676256,
Security Gate,0.55790909710373,-0.91702295370951,
Security Gate,0.53988090438453,-0.91814976746622,
Security Gate,0.52867159921031,-0.92906600454052,
Security Gate,0.52069033643021,-0.94869134414031,
Security Gate,0.51815510966050,-0.94343287994144,
Security Gate,0.51721613652575,-0.93620249166804,
Security Gate,0.53944120689623,-0.97114098081644,
Security Gate,0.54488722955904,-0.98578955966630,
Security Gate,0.53596701747622,-0.98813708832640,
Security Gate,0.53634260561684,-0.98381763559104,
Security Gate,0.54707780022869,-0.94898669508640,
Security Gate,0.54127101302367,-0.94401740778559,
Security Gate,0.54451010933032,-0.94130344851010,
Security Gate,0.54092084034551,-0.94086571314298,
Security Gate,0.54704885927360,-0.93438722971209,
Security Gate,0.54739903159607,-0.92773365213264,
Security Gate,0.58122613724925,-1.00843128993570,
Security Gate,0.56479931143485,-1.00116979361940,
Security Gate,0.63015619904394,-1.00218592834770,
Security Gate,0.63124946431931,-0.99671927076940,
Security Gate,0.63501515406165,-0.99271038854607,
Security Gate,0.64862020370192,-0.98384225514113,
Security Gate,0.66234668993411,-0.98153411083112,
Security Gate,0.66562646423181,-0.98469262409830,
Security Gate,0.67874553950722,-1.00911036127970,
Security Gate,0.68141793938938,-1.01445553757820,
Security Gate,0.69189911911660,-1.01442796053040,
Security Gate,0.69274942599361,-1.00726056503890,
Security Gate,0.70755268360607,-0.93315591208375,
Security Gate,0.70232938395813,-0.92659592298989,
Security Gate,0.71544835794305,-0.92513814763601,
Security Gate,0.71544835794305,-0.91724186446802,
Security Gate,0.70730973956596,-0.91335446352340,
Security Gate,0.72480167764088,-0.90509373651719,
Security Gate,0.72018575603289,-0.89950559765919,
Security Gate,0.72382990506077,-0.95162106656835,
Security Gate,0.72735257967091,-0.94591144643164,
Security Gate,0.73132279692408,-0.94208081716033,
Security Gate,0.73398333073631,-0.93942006581750,
Security Gate,0.73810286383625,-0.93924840444021,
Security Gate,0.74024845248343,-0.93401273244390,
Security Gate,0.74230821660723,-0.93032201283884,
Security Gate,0.73793121670087,-0.93040784352678,
Security Gate,0.74119251116736,-0.91246922963350,
Security Gate,0.73775956956443,-0.90998013966794,
Security Gate,0.74230821661567,-0.90714772694781,
Security Gate,0.74814420974829,-0.90603192799767,
Security Gate,0.75415184162929,-0.90697606557055,
Security Gate,0.75269284607452,-0.91555913441883,
Security Gate,0.75003232351393,-0.92233975880779,
Security Gate,0.74857332658489,-0.91813405507230,
Security Gate,0.74265151054240,-0.91804822438439,
Security Gate,0.86957415831471,-0.71117375767608,
Security Gate,0.89067515741750,-0.70725289086940,
Security Gate,0.88248844517672,-0.67876894671298,
Security Gate,0.86081086702889,-0.66343143832191,
Security Gate,0.84424185600115,-0.35419865058856,
Security Gate,0.85692230847202,-0.33820000913542,
Security Gate,0.84619269754980,-0.34249232757423,
Security Gate,0.86882238723757,-0.32278668383250,
Security Gate,0.86355514385214,-0.31829926001058,
Security Gate,0.86160431111448,-0.32844473995652,
Security Gate,0.83273187101376,-0.33195663686115,
Security Gate,0.82941542840349,-0.32473773766876,
Security Gate,0.83331712530212,-0.31829926001058,
Security Gate,0.84404677179202,-0.30912930698193,
Security Gate,0.84853370611374,-0.30542230469416,
Security Gate,0.85567769694039,-0.30665536279133,
Security Gate,0.85752707738111,-0.32227409868409,
Security Gate,0.85721884736996,-0.31898594375900,
Security Gate,0.85454751956499,-0.32206858900088,
Security Gate,0.85043778085708,-0.33183029893462,
Speed Camera,0.86143467275738,-0.78192732535342,
Speed Camera,0.88024985181845,-0.73813118607640,
Speed Camera,0.82363752992002,-0.74612439780751,
Speed Camera,0.76586934530006,-0.78047174837016,
Speed Camera,0.80766448237122,-0.84958220958723,
Speed Camera,0.74290414500133,-0.89302321530144,
Speed Camera,0.72175716657877,-0.90801048729816,
Speed Camera,0.72508740599727,-0.91933420391658,
Speed Camera,0.72825113117703,-0.94614476826456,
Speed Camera,0.70227521747246,-0.93448800116244,
Speed Camera,0.69161839029387,-1.00938159707360,
Speed Camera,0.60503514682091,-1.00505194072630,
Speed Camera,0.64919303773580,-0.94412327792568,
Speed Camera,0.63387367564020,-0.90382416878072,
Speed Camera,0.62255063968313,-0.85003651483711,
Speed Camera,0.60656513586893,-0.81833656502900,
Speed Camera,0.62771261499782,-0.79768743472306,
Speed Camera,0.66909680262229,-0.78641261257670,
Speed Camera,0.62153271373468,-0.76447195898407,
Speed Camera,0.60754539783903,-0.77030034253801,
Speed Camera,0.64301316216194,-0.73666224317395,
Speed Camera,0.65816598244652,-0.72483895082129,
Speed Camera,0.66149626648431,-0.69170042718665,
Speed Camera,0.64467830946724,-0.66921951919298,
Speed Camera,0.61720331035382,-0.70918557784853,
Speed Camera,0.72034440687712,-0.73180049022457,
Speed Camera,0.73711346248116,-0.74303666632238,
Speed Camera,0.73627501118854,-0.76550901851652,
Speed Camera,0.75639779827657,-0.73180049022457,
Speed Camera,0.78020964226290,-0.66455113776846,
Speed Camera,0.74801331484159,-0.58583032983390,
Speed Camera,0.74499489687972,-0.58717196280054,
Speed Camera,0.73627501117718,-0.59673109768934,
Speed Camera,0.70085540365790,-0.49882944083311,
Speed Camera,0.68056467962371,-0.49597847077874,
Speed Camera,0.66463338648560,-0.38753302083757,
Speed Camera,0.62354847387391,-0.39994312578219,
Speed Camera,0.59956224356141,-0.55377742841620,
Speed Camera,0.61867943287125,-0.58128090423719,
Speed Camera,0.59905709959446,-0.58911052861052,
Speed Camera,0.58094601489088,-0.59095527393922,
Speed Camera,0.56870423020344,-0.60722257366251,
Speed Camera,0.59447705679938,-0.62278985506344,
Speed Camera,0.59984329719369,-0.63251669407339,
Speed Camera,0.61745123627496,-0.62513771275570,
Speed Camera,0.59112315390263,-0.66085869049752,
Speed Camera,0.56848425694032,-0.67259797895741,
Speed Camera,0.58423781632614,-0.70744056389103,
Speed Camera,0.55044630710343,-0.75143119547559,
Speed Camera,0.55480641142881,-0.76467982102326,
Speed Camera,0.56704822554785,-0.75948099327658,
Speed Camera,0.57476223214306,-0.77943778365866,
Speed Camera,0.56486817833662,-0.79889146167727,
Speed Camera,0.54944012872802,-0.78799069382183,
Speed Camera,0.52613028291839,-0.78363038667970,
Speed Camera,0.52998731387977,-0.80341947294065,
Speed Camera,0.51757772752096,-0.80794748420399,
Speed Camera,0.51539766252867,-0.82203463035614,
Speed Camera,0.54575080655535,-0.87402290783407,
Speed Camera,0.54575080655535,-0.86110969052737,
Speed Camera,0.55614798132768,-0.91896761222378,
Speed Camera,0.52562719172877,-0.95166991579006,
Speed Camera,0.57252394428595,-0.99308579843054,
Speed Camera,0.55894057270267,-0.96138971958990,
Speed Camera,0.71084216914004,-0.66878575254123,
Ford Focus RS500,0.85828984788763,-0.66484225303964,
Mercedes-Benz SL 65 AMG,0.84315232891291,-0.72901698351265,
Shelby Cobra 427,0.87742589942459,-0.71155544368688,
Porsche Panamera Turbo S,0.87698235590963,-0.69869117409309,
Chevrolet Corvette ZR1,0.87365577787244,-0.68882117414543,
Mitsubishi Evolution X,0.88407904582495,-0.68438521911278,
McLaren MP4-12C,0.84604506755056,-0.68294353372727,
Ariel Atom 500 V8,0.76746344054682,-0.65395379836474,
Lamborghini Countach,0.73880689762410,-0.72054724706530,
Tesla Roadster Sport,0.76152370215337,-0.74557638052224,
Aston Martin V12 Vantage,0.76479645234562,-0.75038967541812,
Porsche 918 Spyder Concept,0.79290349719915,-0.75154486619283,
BMW M3 Coupe,0.76306382020088,-0.77022045038686,
Pagani Huayra,0.75786591958601,-0.78889603458171,
Audi A1 Clubsport Quattro,0.75247549754594,-0.80044794233126,
Bentley Supersports ISR,0.73091374325523,-0.75539550210934,
Maserati GT MC Stradale,0.71608997694824,-0.74884942105103,
DLC: Bugatti Veyron Vitesse,0.72494573927190,-0.72439788298178,
Ford F-150 SVT Raptor,0.67816402130889,-0.72824851889487,
Lamborghini Aventador,0.66622787148580,-0.76848766422097,
Marussia B2,0.69847940460866,-0.65644364910847,
Carterham Superlight R500,0.68500316114911,-0.64912744086780,
Porsche 911 Turbo 3.0,0.66742101916631,-0.63650671472638,
Porsche 911 Carrera S,0.71361201810920,-0.57720869249468,
Dodge SRT Viper GTS,0.72201778351464,-0.53975339831882,
Lamborghini Aventador,0.71594695449242,-0.51528136072756,
Range Rover Evoque,0.69838402963475,-0.50238663841554,
Koenigsegg Agera R,0.67269660174614,-0.48222365589953,
Alfa Romeo 4C Concept,0.66654506008918,-0.38816751899381,
Mercedes Benz SLS AMG,0.64949738074584,-0.39128620260379,
Carterham Superlight R500,0.63120224630597,-0.42434424887207,
Ford Mustang Boss 302,0.62621265293750,-0.45823394410198,
Bac Mono,0.61852035386900,-0.45116492791931,
Lancia Delta HF Integrale,0.60393828004085,-0.54877479535284,
Bugatti Veyron Super Sport,0.62734364378963,-0.56274989534725,
Mercedes Benz SLS AMG,0.63138589656195,-0.57794410690011,
Aston Martin V12 Vantage,0.62469526959046,-0.57766531402817,
Jack Spot,0.61716830406911,-0.57919867482653,
Range Rover Evoque,0.60713233349512,-0.58798065031175,
BAC Mono,0.59988412092055,-0.58812004674829,
Dodge Challenger SRT8,0.58719972588530,-0.57933807126307,
Jack Spot,0.58162415848534,-0.57292583519427,
Mercedes-Benz SL 65 AMG,0.57813942606039,-0.56414385971021,
Lexus LFA,0.59082384171285,-0.55048300896087,
Lamborghini Gallardo,0.58036965505579,-0.55048300896087,
Marussia B2,0.56682142465816,-0.58835553590848,
Porsche 911 Carrera S,0.57100311159442,-0.57929476755140,
Chevrolet Camaro ZL1,0.56305790383297,-0.56688848472334,
Bentley Supersports ISR,0.64131288439197,-0.62532281052847,
Ariel Atom 500 V8,0.61200130512121,-0.61929853977662,
Bentley Supersport ISR,0.58392998153168,-0.62632970745315,
Jaguar XKR,0.59793493269586,-0.63997628314573,
Koenigsegg Agera R,0.60098728913411,-0.65694472265693,
Ford Focus RS500,0.59937133593738,-0.66493515184527,
Ford Focus RS500,0.59021425885534,-0.66421691101951,
Audi R8 GT Spyder,0.57872300356691,-0.63979672293888,
McLaren MP4-12C,0.57414445002604,-0.64796671233336,
Audi A1 Clubsport Quattro,0.57576041051934,-0.65999724616756,
Lamborghini Aventador,0.56615441645619,-0.66789789525251,
Subaru Cosworth Impreza,0.62907829584779,-0.69398953534525,
Chevrolet Corvette ZR1,0.61037017459454,-0.68933751413644,
Lamborghini Countach,0.65565707786806,-0.69000416802868,
Pagani Huayra,0.64172035573829,-0.67316288271533,
Nissan GT-R EGOIST,0.63542089599628,-0.75842444299914,
Bugatti Veyron Super Sport,0.61970381764753,-0.73711989615825,
Porsche Panamera Turbo S,0.61752614646019,-0.75605727112810,
Lexus LFA,0.57611809733422,-0.74999409791167,
Ford GT,0.56778606751212,-0.73967322855304,
Mitsubishi Evolution X,0.57687555398913,-0.77290832162572,
Audi A1 Clubsport Quattro,0.56650808096828,-0.78459876056579,
Audi R8 GT Spyder,0.56688680994270,-0.79719211492039,
Porsche 911 Carrera S,0.55997500228906,-0.79738148867048,
Pagani Huayra,0.55221104425317,-0.79757086241978,
Ford Focus RS500,0.55164294936260,-0.78715530618686,
Jaguar XKR,0.55533556517472,-0.76291546622372,
BMW M3 Coup\u00e9,0.54823437888088,-0.77162665871001,
Ford Mustang Boss 302,0.52986593820249,-0.76225265809930,
Chevrolet Camaro ZL1,0.50837289994755,-0.77285758808304,
Ford F-150 SVT Raptor,0.51585286426265,-0.78564031618771,
Mercedes-Benz SL 65 AMG,0.54450128489238,-0.79919107226928,
Porsche 918 Spyder Concept,0.53968185213657,-0.81101068638111,
Tesla Roadster Sport,0.51294540677254,-0.82478111058791,
Porsche 911 Turbo 3.0,0.56790990284925,-0.81319100354662,
Lamborghini Gallardo,0.62136222831562,-0.81615627410341,
Ford Mustang Boss 302,0.55063757908637,-0.86251142148561,
Ariel Atom 500 V8,0.65181092167987,-0.86876611883190,
Ford GT,0.54158581406067,-0.92889608624995,
Maserati GT MC Stradale,0.56738974908764,-0.92197275502681,
Range Rover Evoque,0.56613102317702,-0.93305008498297,
Chevrolet Corvette ZR1,0.58058410636382,-0.93002899500016,
Jaguar XKR,0.56359132233955,-0.94639323243496,
Mitsubishi Evolution X,0.58133934003551,-0.95721880489270,
Tesla Roadster Sport,0.58121346776373,-0.96653383235568,
Carterham Superlight R500,0.53875696028558,-0.95196929514933,
Nissan GT-R EGOIST,0.53850521391074,-0.96103256511390,
McLaren MP4-12C,0.52906471741169,-0.97034759257684,
Subaru Cosworth Impreza,0.53850521391074,-0.98280958877700,
Koenigsegg Agera R,0.58338287592235,-1.02294810925340,
Dodge SRT Viper GTS,0.62548064520060,-1.01864744982790,
Lamborghini Gallardo,0.64840974079213,-0.95019968054848,
Dodge Challenger SRT8,0.65578714172634,-0.98593846053319,
Lamborghini Countach,0.64399958606131,-0.98427683294730,
Lexus LFA,0.64221199468443,-0.99080130008664,
Pagani Huayra,0.64852823034965,-0.99635750235021,
Lancia Delta HF Integrale,0.63688313007420,-0.90733239972462,
BMW M3 Coup\u00e9,0.61826951839095,-0.90277369072894,
Lancia Delta HF Integrale,0.68677978055830,-1.02490969183010,
Aston Martin V12 Vantage,0.69583022556328,-1.01149392942780,
Porsche 911 Turbo 3.0,0.68230006790051,-0.89507663705317,
Bac Mono,0.71907125412133,-0.85546470193813,
Nissan GT-R EGOIST,0.73243867272090,-0.87120703724020,
Chevrolet Camaro ZL1,0.72831601512755,-0.90706457876166,
Audi R8 GT Spyder,0.74530633708301,-0.89007285176967,
Marussia B2,0.70720295244544,-0.92355654907854,
Bugatti Veyron Super Sport,0.70495421816632,-0.93092796005388,
Alfa Romeo 4C Concept,0.71469872548263,-0.92917881168773,
Shelby Cobra 427,0.72719165330548,-0.93992358022805,
Mercedes-Benz SL 65 AMG,0.73456246454150,-0.94329693779301,
Dodge Challenger SRT8,0.73306331747456,-0.92293185323504,
Subaru Cosworth Impreza,0.74030919029835,-0.92068294819177,
Ford GT,0.74693040856249,-0.91680983395062,
Ford F-150 SVT Raptor,0.75655137008971,-0.91100866576946,
Maserati GT MC Stradale,0.81856668673881,-0.87302623942313,
DLC: Pagani Zonda R,0.74667932447490,-0.76849394716996,
DLC: Hennessey Venom GT Spyder,0.75914880351294,-0.79241891745613,
Shelby Cobra 427,0.72838294456929,-0.72066834328169,
DLC: Lamborghini Aventador J,0.73668445255136,-0.89211176568307,
DLC: Hennessey Venom GT Spyder,0.69586348911919,-0.91839601264451,
Jack Spot,0.71973912958597,-0.93467003740801,
Jack Spot,0.65051278124535,-0.98189138796235,
DLC: McLaren F1 LM,0.59744617572959,-1.00027547940710,
Jack Spot,0.52961326362613,-0.91063365366520,
DLC: McLaren F1 LM,0.61392549749129,-0.80762542474295,
DLC: Lamborghini Aventador J,0.56045235645942,-0.71116632894089,
DLC: Hennessey Venom GT Spyder,0.58601097964890,-0.70042883560916,
Jack Spot,0.63039493268619,-0.73594518731247,
DLC: McLaren F1 LM,0.61910459867137,-0.55650139400581,
DLC: Bugatti Veyron Vitesse,0.60180463102873,-0.57397449243550,
DLC: Audi RS3 Sportback,0.56075459589650,-0.93052457415737,
DLC: Alfa Romeo Mito QV,0.53509239373390,-0.95241139971839,
DLC: Ford Fiesta ST,0.52166001280615,-0.77195255235688,
DLC: BMW 1 Series M Coupe,0.60517006791039,-0.65158421809008,
DLC: Porsche 918 Spyder,0.58426821854631,-0.60033941479739,
DLC: Ford Fiesta ST,0.59199794955661,-0.55465329517767,
DLC: Audi RS3 Sportback,0.58547516160145,-0.56306470264724,
DLC: Porsche 918 Spyder,0.85571341973916,-0.69373832272609,
DLC: Alfa Romeo Mito QV,0.87407909432301,-0.70498214291575,
DLC: BMW 1 Series M Coupe,0.68266069714056,-0.91071082532346,
DLC: Ford Fiest ST,0.84670951428477,-0.32074240376616,
DLC: BMW 1 Series M Coupe,0.83536850848587,-0.28815144554429,
DLC: Porsche 918 Spyder,0.82474525816603,-0.34098612671298,
DLC: Alfa Romeo Mito QV,0.82115631582154,-0.34960047690436,
DLC: Audi RS3 Sportback,0.79660786452337,-0.36237842968617,
DLC: Aston Martin DBS,0.70698170379542,-0.97934988881141,
DLC: Aston Martin DB5,0.71025507914409,-0.89480216707804,
DLC: Dodge Charger R\/T,0.73517928993921,-0.91298504285206,
Jack Spot,0.74794235880920,-0.90816838701789,
Jack Spot,0.74673829728368,-0.90877046899732,
DLC: Shelby GT500,0.63513946870563,-1.00016355514460,
DLC: Aston Martin DB5,0.56341255054828,-0.98162100451810,
DLC: Shelby GT500,0.61653414706629,-0.74596572146959,
DLC: Dodge Charger R\/T,0.59373002574750,-0.67403503378634,
DLC: Aston Martin DBS,0.60394331980039,-0.63609786947893,
DLC: Shelby GT500,0.61258192207941,-0.61026643286019,
DLC: Pontiac Firebird T\/A,0.57284444045992,-0.63550065526059,
DLC: Aston Martin DB5,0.70646265879607,-0.66473482866019,
DLC: Aston Martin DBS,0.69039375714424,-0.49501981574139,
DLC: Dodge Charger R\/T,0.67129211112963,-0.47082677738479,
DLC: Pontiac Firebird T\/A,0.68405725348934,-0.39733816606011,
DLC: Lamborghini Diablo SV,0.69272918317937,-0.92008463380137,
DLC: BMW M3 GTR,0.71136852029873,-0.92896117500200,
DLC: BMW M3 GTR,0.56035132316947,-0.88925736256672,
DLC: Porsche 911 GT2,0.54079985844294,-0.98696787510414,
DLC: Porsche 911 GT2,0.57374711876997,-0.74155993627022,
Jack Spot,0.61488452748924,-0.70007699074839,
DLC: Nissan 350Z,0.64578170513002,-0.73209183754938,
DLC: Lamborghini Diablo SV,0.64784151039383,-0.72187798562197,
DLC: BMW M3 GTR,0.72907417179398,-0.73528010724365,
DLC: Nissan Skyline GT-R (R34),0.86779387280585,-0.68244103475880,
DLC: Porsche 911 GT2,0.61053652297454,-0.55525333669411,
DLC: Nissan 350Z,0.61354042568031,-0.54787189748535,
DLC: Nissan 350Z,0.69551484611179,-0.49647978627866,
DLC: Lamborghini Diablo SV,0.68063341802136,-0.38882896343878,
DLC: Nissan Skyline GT-R (R34),0.67090318659007,-0.38671341710216,
Porsche 918 Spyder Concept,0.88915755325937,-0.73388940541949,
Bugatti Veyron Super Sport,0.76860845122640,-0.75962464343328,
Shelby Cobra 427,0.54708898326787,-0.93811524612261,
Lexus LFA,0.79884287353059,-0.62191288663271,
Warp Pipe - Entrance,0.85894031990556,-0.67109048521169,
Warp Pipe - Exit,0.77872918205570,-0.64775594305888,
Warp Pipe - Entrance,0.68854734466180,-1.02296219587240,
Warp Pipe - Exit,0.54809709682701,-0.85934292587623,
Warp Pipe - Exit, 0.67294450252908,-0.48574156232380,description : **Exit:** ??,
Warp Pipe - Entrance,0.60300128734154,-0.45303592463353,